"","gene","pvalue","ratio","p","dist"
"1","accA",0.001,1.84013622931284,0.05,"exp"
"2","accB",0,1.9599085935237,0.05,"exp"
"3","accC",0,2.13617085038175,0.05,"exp"
"4","acpP",0,5.70007467560162,0.05,"exp"
"5","ahcY",0,2.25409305522969,0.05,"exp"
"6","alaS",0,2.80481012530918,0.05,"exp"
"7","algC",0,2.84091232409749,0.05,"exp"
"8","aroB",0,2.14836331380832,0.05,"exp"
"9","aroC",0,2.66978580219395,0.05,"exp"
"10","aroE",0.014,1.54912747046247,0.05,"exp"
"11","aspS",0.001,1.73533549472246,0.05,"exp"
"12","atpA",0.001,1.62787421945049,0.05,"exp"
"13","atpB",0,2.18460964543878,0.05,"exp"
"14","atpC",0,2.25726950478848,0.05,"exp"
"15","atpD",0,2.43899538655159,0.05,"exp"
"16","atpE",0,12.7762858931772,0.05,"exp"
"17","atpF",0,2.29969027125318,0.05,"exp"
"18","atpG",0,2.66621554408978,0.05,"exp"
"19","atpH",0,1.9400972453677,0.05,"exp"
"20","carA",0,2.49857553115829,0.05,"exp"
"21","carB",0,1.871697182434,0.05,"exp"
"22","cca",0,3.24387068616107,0.05,"exp"
"23","clpX",0,2.25986270407361,0.05,"exp"
"24","coaBC",0,2.60705634068893,0.05,"exp"
"25","coaD",0,3.3460644501725,0.05,"exp"
"26","coaE",0.003,1.60150721884359,0.05,"exp"
"27","ctaA",0.056,1.36986494261102,0.05,"exp"
"28","ctaE",0,2.63034368537334,0.05,"exp"
"29","cysS",0.061,1.32933886452785,0.05,"exp"
"30","dapB",0,2.27510829147973,0.05,"exp"
"31","dapE",0,2.61449325035038,0.05,"exp"
"32","dapF",0,2.28846759798744,0.05,"exp"
"33","def",0,1.86426152840642,0.05,"exp"
"34","dnaA",0,2.80141247468561,0.05,"exp"
"35","dnaG",0,2.50563246700749,0.05,"exp"
"36","dnaK",0,3.90109396397068,0.05,"exp"
"37","dnaN",0,2.63457408630282,0.05,"exp"
"38","dnaX",0.007,1.72080689951391,0.05,"exp"
"39","dsbD",0,2.29639330795727,0.05,"exp"
"40","dxs",0,3.61315099053431,0.05,"exp"
"41","efp",0,2.7171691495611,0.05,"exp"
"42","eno",0,2.17387186350749,0.05,"exp"
"43","erpA",0.025,1.36705338635353,0.05,"exp"
"44","fabI",0,2.47878091104427,0.05,"exp"
"45","fmt",0,1.75529916678425,0.05,"exp"
"46","folD",0,2.86480011458063,0.05,"exp"
"47","ftsH",0,2.09677376254076,0.05,"exp"
"48","ftsZ",0.002,1.85673591163368,0.05,"exp"
"49","fumC",0,2.2009754361118,0.05,"exp"
"50","gatB",0.001,1.99217199799552,0.05,"exp"
"51","gcvT",0,3.28360213900861,0.05,"exp"
"52","glmM",0,1.97711463975629,0.05,"exp"
"53","glmU",0,2.41181448054014,0.05,"exp"
"54","gloB",0,2.03790925567151,0.05,"exp"
"55","gltB",0,2.59583596555886,0.05,"exp"
"56","gltX",0,2.06091493415951,0.05,"exp"
"57","gmk",0,2.66136239041653,0.05,"exp"
"58","grpE",0,3.74365493552896,0.05,"exp"
"59","guaA",0,3.1883549405665,0.05,"exp"
"60","gyrA",0,2.3146927696499,0.05,"exp"
"61","gyrB",0,2.10739394897944,0.05,"exp"
"62","hemC",0.001,2.11065968787438,0.05,"exp"
"63","hemE",0.008,1.5423823850071,0.05,"exp"
"64","hemH",0,2.40474043441081,0.05,"exp"
"65","hisF",0,3.95607720545786,0.05,"exp"
"66","hisH",0,3.16160835728879,0.05,"exp"
"67","icd",0,3.00137707635285,0.05,"exp"
"68","ileS",0,2.49365231030945,0.05,"exp"
"69","ilvC",0,2.46923097065589,0.05,"exp"
"70","ilvE",0,1.803733656557,0.05,"exp"
"71","ilvH",0,2.17780942194535,0.05,"exp"
"72","infB",0,2.25287770210661,0.05,"exp"
"73","infC",0,3.0157581618002,0.05,"exp"
"74","lepA",0.024,1.44851961107891,0.05,"exp"
"75","leuA",0,2.32453656574509,0.05,"exp"
"76","leuB",0,2.17035847319319,0.05,"exp"
"77","leuS",0,3.19999467804236,0.05,"exp"
"78","lgt",0.182,1.21967614257136,0.05,"exp"
"79","ligA",0.017,1.57203089721113,0.05,"exp"
"80","lipA",0,2.40237391139336,0.05,"exp"
"81","lnt",0,2.21154993301484,0.05,"exp"
"82","lptD",0,2.5415729537835,0.05,"exp"
"83","lspA",0,2.39700767037134,0.05,"exp"
"84","lysA",0,2.39666989433561,0.05,"exp"
"85","lysS",0,2.38876154207299,0.05,"exp"
"86","map",0,2.37304350459044,0.05,"exp"
"87","metC",0,2.09914941286544,0.05,"exp"
"88","metG",0,1.8728800083535,0.05,"exp"
"89","metK",0,2.47115581341529,0.05,"exp"
"90","miaA",0,2.30130792797664,0.05,"exp"
"91","miaB",0,2.09228371197934,0.05,"exp"
"92","mnmA",0,1.72337543860094,0.05,"exp"
"93","mnmE",0.026,1.44174393862097,0.05,"exp"
"94","mnmG",0,1.97095900639294,0.05,"exp"
"95","mrdA",0,1.95620160323447,0.05,"exp"
"96","mrdB",0,2.93433185762937,0.05,"exp"
"97","mreB",0,2.25484031051883,0.05,"exp"
"98","msrA",0,2.45249129694197,0.05,"exp"
"99","msrB",0,2.49095434400943,0.05,"exp"
"100","nadD",0,2.16801190919355,0.05,"exp"
"101","nadE",0,3.26450626177907,0.05,"exp"
"102","ndk",0,2.16268298689813,0.05,"exp"
"103","nfuA",0,2.36608469503274,0.05,"exp"
"104","nth",0,2.02934850648468,0.05,"exp"
"105","nusA",0,2.05401701913064,0.05,"exp"
"106","pdxH",0,2.88730274356581,0.05,"exp"
"107","pepA",0,2.21343544952997,0.05,"exp"
"108","petA",0.013,1.51890226342101,0.05,"exp"
"109","pgk",0.213,1.18896131738773,0.05,"exp"
"110","pgsA",0,1.92088457530137,0.05,"exp"
"111","pheA",0.001,1.86556317157155,0.05,"exp"
"112","pheS",0.002,1.61230296617154,0.05,"exp"
"113","pheT",0,2.11409003249343,0.05,"exp"
"114","phrA",0,2.7060763059209,0.05,"exp"
"115","phrB",0,2.33532813117807,0.05,"exp"
"116","pnp",0,2.56616179014834,0.05,"exp"
"117","pntA",0,3.79668272157561,0.05,"exp"
"118","pntB",0,2.28921186220519,0.05,"exp"
"119","polA",0.001,1.83563201409088,0.05,"exp"
"120","prfA",0.053,1.31238664493419,0.05,"exp"
"121","prfB",0.001,1.83745188391178,0.05,"exp"
"122","priA",0,2.07605341456898,0.05,"exp"
"123","prmC",0.145,1.22755322745065,0.05,"exp"
"124","proC",0,2.80448743269242,0.05,"exp"
"125","proS",0,2.14241325862175,0.05,"exp"
"126","prs",0,2.064196725634,0.05,"exp"
"127","pth",0.07,1.34641584913325,0.05,"exp"
"128","purA",0,2.16134405652774,0.05,"exp"
"129","purB",0,3.4749842144331,0.05,"exp"
"130","purC",0,2.14256639044017,0.05,"exp"
"131","purD",0,1.92863007474152,0.05,"exp"
"132","purE",0.001,1.85295074783048,0.05,"exp"
"133","purF",0,4.97372580356015,0.05,"exp"
"134","purH",0,2.29029072221477,0.05,"exp"
"135","purL",0,3.12309912800236,0.05,"exp"
"136","purM",0,2.15501995061177,0.05,"exp"
"137","purN",0,2.97358479966302,0.05,"exp"
"138","pyrB",0,1.82225169457841,0.05,"exp"
"139","pyrC",0,1.95045657948616,0.05,"exp"
"140","pyrD",0,2.32892265385757,0.05,"exp"
"141","pyrE",0.025,1.45478137691378,0.05,"exp"
"142","pyrF",0,2.42529759674526,0.05,"exp"
"143","pyrG",0,2.28895313887677,0.05,"exp"
"144","rbfA",0,3.50606956224022,0.05,"exp"
"145","recA",0,2.37964652773026,0.05,"exp"
"146","recR",0.007,1.63152183374907,0.05,"exp"
"147","rho",0,1.89097389803716,0.05,"exp"
"148","rluD",0,2.0892919544623,0.05,"exp"
"149","rnhA",0,2.18486635797949,0.05,"exp"
"150","rnhB",0.816,0.832097732932106,0.05,"exp"
"151","rnpA",0,1.84064182437053,0.05,"exp"
"152","rpe",0,2.43504758236648,0.05,"exp"
"153","rplK",0,2.91908190708832,0.05,"exp"
"154","rplM",0.113,1.25969675241397,0.05,"exp"
"155","rplS",0,2.28328627881171,0.05,"exp"
"156","rplT",0,2.7732269536174,0.05,"exp"
"157","rplU",0.001,1.74521656602696,0.05,"exp"
"158","rplY",0.012,1.53034313619813,0.05,"exp"
"159","rpmA",0,2.09436858110261,0.05,"exp"
"160","rpmB",0,3.1269133313235,0.05,"exp"
"161","rpmI",0,2.83655949419544,0.05,"exp"
"162","rpoA",0,1.70788490199438,0.05,"exp"
"163","rpoB",0,2.65637604461642,0.05,"exp"
"164","rpoC",0,2.28884351905551,0.05,"exp"
"165","rpsA",0,2.79648497642846,0.05,"exp"
"166","rpsD",0,2.20744240997938,0.05,"exp"
"167","rpsI",0,1.87805330216816,0.05,"exp"
"168","rpsK",0,3.10148399805359,0.05,"exp"
"169","rpsM",0,2.44199651745077,0.05,"exp"
"170","rpsO",0.2,1.16289075798485,0.05,"exp"
"171","rpsT",0,2.86950983085434,0.05,"exp"
"172","rsfS",0,2.41864596045853,0.05,"exp"
"173","rsmA",0,2.17462097481962,0.05,"exp"
"174","rsmD",0,2.62109803856184,0.05,"exp"
"175","rsmE",0.166,1.20731649411409,0.05,"exp"
"176","rsmG",0,2.14568923145095,0.05,"exp"
"177","rsmI",0,2.81295899656138,0.05,"exp"
"178","secA",0,1.86388297357731,0.05,"exp"
"179","serS",0,1.85596683574528,0.05,"exp"
"180","smc",0,2.75466383414936,0.05,"exp"
"181","smpB",0,1.97341751383674,0.05,"exp"
"182","ssb",0,1.97464207076538,0.05,"exp"
"183","sucC",0,3.20836851456231,0.05,"exp"
"184","sucD",0,2.94168778701086,0.05,"exp"
"185","suhB",0,2.4209810338647,0.05,"exp"
"186","tatC",0,2.37237452808809,0.05,"exp"
"187","tgt",0,2.19978756478667,0.05,"exp"
"188","thrC",0.03,1.36911511392907,0.05,"exp"
"189","thrS",0.048,1.3438476317369,0.05,"exp"
"190","topA",0,1.78369681470686,0.05,"exp"
"191","trmD",0,2.45780107032239,0.05,"exp"
"192","trpB",0,3.05065370218274,0.05,"exp"
"193","trpS",0,2.47745565215499,0.05,"exp"
"194","truA",0,2.36470837793231,0.05,"exp"
"195","trxA",0.162,1.24124900083493,0.05,"exp"
"196","trxB",0,2.32241799473324,0.05,"exp"
"197","tsaD",0.003,1.87831737446312,0.05,"exp"
"198","ubiB",0,1.95363001981234,0.05,"exp"
"199","uppP",0.019,1.45695615482705,0.05,"exp"
"200","uvrA",0,1.97635216737485,0.05,"exp"
"201","uvrB",0,2.2318815609969,0.05,"exp"
"202","uvrC",0.008,1.60980803767727,0.05,"exp"
"203","ychF",0,2.36224081122465,0.05,"exp"
"204","yidC",0,2.29189268917544,0.05,"exp"
"205","accA",0,2.09694942243311,0.1,"exp"
"206","accB",0,2.28874772206362,0.1,"exp"
"207","accC",0,2.1682362405535,0.1,"exp"
"208","acpP",0,5.95445258668227,0.1,"exp"
"209","ahcY",0,2.38646664471515,0.1,"exp"
"210","alaS",0,2.57021817006709,0.1,"exp"
"211","algC",0,3.25945880183705,0.1,"exp"
"212","aroB",0,2.84276999189492,0.1,"exp"
"213","aroC",0,2.32161198686716,0.1,"exp"
"214","aroE",0,1.98616031412429,0.1,"exp"
"215","aspS",0,2.09322680312723,0.1,"exp"
"216","atpA",0.001,1.95532722195935,0.1,"exp"
"217","atpB",0,1.92210595904693,0.1,"exp"
"218","atpC",0.001,1.78453665417126,0.1,"exp"
"219","atpD",0,3.2860048677684,0.1,"exp"
"220","atpE",0,11.6363810177179,0.1,"exp"
"221","atpF",0,2.64661791989937,0.1,"exp"
"222","atpG",0,3.78223464161662,0.1,"exp"
"223","atpH",0,2.15142254855307,0.1,"exp"
"224","carA",0,3.09099748549933,0.1,"exp"
"225","carB",0,2.64221590963497,0.1,"exp"
"226","cca",0,2.72811222263029,0.1,"exp"
"227","clpX",0,2.58424369429596,0.1,"exp"
"228","coaBC",0,2.58444197779634,0.1,"exp"
"229","coaD",0,2.39820946098252,0.1,"exp"
"230","coaE",0.009,1.59829733862698,0.1,"exp"
"231","ctaA",0.001,1.67058210386634,0.1,"exp"
"232","ctaE",0.001,1.7593296959473,0.1,"exp"
"233","cysS",0,2.27845194038248,0.1,"exp"
"234","dapB",0,2.76800649674524,0.1,"exp"
"235","dapE",0,2.8541350508271,0.1,"exp"
"236","dapF",0,2.11781257287754,0.1,"exp"
"237","def",0,2.14572556883289,0.1,"exp"
"238","dnaA",0,3.37615346332571,0.1,"exp"
"239","dnaG",0.102,1.28971012715504,0.1,"exp"
"240","dnaK",0,1.95592940558983,0.1,"exp"
"241","dnaN",0,2.23361396506541,0.1,"exp"
"242","dnaX",0,2.3476515521651,0.1,"exp"
"243","dsbD",0.001,2.04059807687383,0.1,"exp"
"244","dxs",0,3.05492325309902,0.1,"exp"
"245","efp",0,2.76755900324316,0.1,"exp"
"246","eno",0,2.23078973933021,0.1,"exp"
"247","erpA",0,2.33751798172252,0.1,"exp"
"248","fabI",0,2.49765497425704,0.1,"exp"
"249","fmt",0,2.17340498136175,0.1,"exp"
"250","folD",0,1.97275831202543,0.1,"exp"
"251","ftsH",0.632,0.928290147281289,0.1,"exp"
"252","ftsZ",0.01,1.54377437378053,0.1,"exp"
"253","fumC",0,2.4690410646414,0.1,"exp"
"254","gatB",0.002,1.74523474217081,0.1,"exp"
"255","gcvT",0,3.06154089604044,0.1,"exp"
"256","glmM",0,1.74588673589364,0.1,"exp"
"257","glmU",0,2.28822926868191,0.1,"exp"
"258","gloB",0,2.44361505261381,0.1,"exp"
"259","gltB",0.038,1.38818834573294,0.1,"exp"
"260","gltX",0,2.15526783291288,0.1,"exp"
"261","gmk",0,2.47872512247786,0.1,"exp"
"262","grpE",0,2.26513426541318,0.1,"exp"
"263","guaA",0,3.6721989295582,0.1,"exp"
"264","gyrA",0,2.69475087171105,0.1,"exp"
"265","gyrB",0,2.51736078191819,0.1,"exp"
"266","hemC",0,2.64031500665258,0.1,"exp"
"267","hemE",0.001,1.7438735081224,0.1,"exp"
"268","hemH",0,2.35243612746123,0.1,"exp"
"269","hisF",0,3.09351464098111,0.1,"exp"
"270","hisH",0,2.40600961426902,0.1,"exp"
"271","icd",0,2.16359826101739,0.1,"exp"
"272","ileS",0,2.57281435999642,0.1,"exp"
"273","ilvC",0,1.69173341126859,0.1,"exp"
"274","ilvE",0,1.67369014758983,0.1,"exp"
"275","ilvH",0.016,1.54825268407821,0.1,"exp"
"276","infB",0,2.40303745147033,0.1,"exp"
"277","infC",0,2.35988591107913,0.1,"exp"
"278","lepA",0,2.29138094173304,0.1,"exp"
"279","leuA",0,3.04724176159717,0.1,"exp"
"280","leuB",0.005,1.72164081762263,0.1,"exp"
"281","leuS",0,4.06656732585565,0.1,"exp"
"282","lgt",0.275,1.15320530825494,0.1,"exp"
"283","ligA",0,2.19235177253686,0.1,"exp"
"284","lipA",0,2.67756934686094,0.1,"exp"
"285","lnt",0,2.30052019951518,0.1,"exp"
"286","lptD",0.004,1.51340251062292,0.1,"exp"
"287","lspA",0,2.05500784022732,0.1,"exp"
"288","lysA",0,2.61835272789883,0.1,"exp"
"289","lysS",0,2.43281670823814,0.1,"exp"
"290","map",0,2.90397597515578,0.1,"exp"
"291","metC",0,2.01677867570584,0.1,"exp"
"292","metG",0,1.98813218895178,0.1,"exp"
"293","metK",0,3.08256372823242,0.1,"exp"
"294","miaA",0,2.43870717151067,0.1,"exp"
"295","miaB",0,2.02179227855364,0.1,"exp"
"296","mnmA",0,2.13044249231353,0.1,"exp"
"297","mnmE",0,2.0099255847413,0.1,"exp"
"298","mnmG",0,2.17580341914651,0.1,"exp"
"299","mrdA",0.007,1.66914459018534,0.1,"exp"
"300","mrdB",0.001,1.71060310935641,0.1,"exp"
"301","mreB",0,2.35206444393677,0.1,"exp"
"302","msrA",0,5.05179207754954,0.1,"exp"
"303","msrB",0,1.90434979375062,0.1,"exp"
"304","nadD",0,2.39736786756729,0.1,"exp"
"305","nadE",0,3.960171103978,0.1,"exp"
"306","ndk",0,1.79191272669382,0.1,"exp"
"307","nfuA",0,1.89376776891537,0.1,"exp"
"308","nth",0,2.28480426527027,0.1,"exp"
"309","nusA",0,2.86353847305651,0.1,"exp"
"310","pdxH",0,3.11254034250893,0.1,"exp"
"311","pepA",0,1.84769162556097,0.1,"exp"
"312","petA",0.001,1.90671711482511,0.1,"exp"
"313","pgk",0.002,1.77420280366234,0.1,"exp"
"314","pgsA",0,1.80430565274289,0.1,"exp"
"315","pheA",0,1.95114356386132,0.1,"exp"
"316","pheS",0,2.17343170163277,0.1,"exp"
"317","pheT",0,2.45169040859876,0.1,"exp"
"318","phrA",0,2.25273595456652,0.1,"exp"
"319","phrB",0,2.33639446218132,0.1,"exp"
"320","pnp",0,2.79886458112026,0.1,"exp"
"321","pntA",0,2.71224296443414,0.1,"exp"
"322","pntB",0,3.37286112065877,0.1,"exp"
"323","polA",0.001,1.6889260656346,0.1,"exp"
"324","prfA",0.001,1.76009810949695,0.1,"exp"
"325","prfB",0.195,1.17884918743534,0.1,"exp"
"326","priA",0,2.94576785954756,0.1,"exp"
"327","prmC",0,1.70381385506541,0.1,"exp"
"328","proC",0,2.19822181155703,0.1,"exp"
"329","proS",0,1.95394553029257,0.1,"exp"
"330","prs",0.267,1.11602130407315,0.1,"exp"
"331","pth",0.006,1.65626878763323,0.1,"exp"
"332","purA",0.025,1.43940626164809,0.1,"exp"
"333","purB",0,3.68883481483709,0.1,"exp"
"334","purC",0,2.17757164972343,0.1,"exp"
"335","purD",0,2.73347620831958,0.1,"exp"
"336","purE",0,2.17340770777707,0.1,"exp"
"337","purF",0,3.17015643919374,0.1,"exp"
"338","purH",0.004,1.58107506965187,0.1,"exp"
"339","purL",0,2.68849835098388,0.1,"exp"
"340","purM",0,2.70752892686021,0.1,"exp"
"341","purN",0,3.23392597083305,0.1,"exp"
"342","pyrB",0,2.08273229311581,0.1,"exp"
"343","pyrC",0,2.02699304751758,0.1,"exp"
"344","pyrD",0,2.44272895122866,0.1,"exp"
"345","pyrE",0.236,1.18802591080295,0.1,"exp"
"346","pyrF",0,2.93981971447159,0.1,"exp"
"347","pyrG",0,2.49494268129484,0.1,"exp"
"348","rbfA",0,3.8377480319683,0.1,"exp"
"349","recA",0,2.39075452555232,0.1,"exp"
"350","recR",0.07,1.35601797916433,0.1,"exp"
"351","rho",0.025,1.45777815020592,0.1,"exp"
"352","rluD",0,2.33625649641389,0.1,"exp"
"353","rnhA",0,3.16836190663007,0.1,"exp"
"354","rnhB",0,2.3347200584421,0.1,"exp"
"355","rnpA",0,2.68723151981097,0.1,"exp"
"356","rpe",0,2.69242036003451,0.1,"exp"
"357","rplK",0,2.01417523304001,0.1,"exp"
"358","rplM",0.097,1.32788108546431,0.1,"exp"
"359","rplS",0,2.48077954250877,0.1,"exp"
"360","rplT",0,3.26257432681207,0.1,"exp"
"361","rplU",0,2.08070693046152,0.1,"exp"
"362","rplY",0,2.28554925200761,0.1,"exp"
"363","rpmA",0,2.4408203875458,0.1,"exp"
"364","rpmB",0,2.49753244776986,0.1,"exp"
"365","rpmI",0,3.58214927288544,0.1,"exp"
"366","rpoA",0.001,1.92261699147195,0.1,"exp"
"367","rpoB",0,2.50287653880005,0.1,"exp"
"368","rpoC",0.003,1.6001252588736,0.1,"exp"
"369","rpsA",0,2.16345949937933,0.1,"exp"
"370","rpsD",0,2.94411731123897,0.1,"exp"
"371","rpsI",0,1.96927654141113,0.1,"exp"
"372","rpsK",0,1.92774692901919,0.1,"exp"
"373","rpsM",0,2.59996097316017,0.1,"exp"
"374","rpsO",0,2.07694141463441,0.1,"exp"
"375","rpsT",0,2.5723128007738,0.1,"exp"
"376","rsfS",0,2.04231952604038,0.1,"exp"
"377","rsmA",0.001,2.02352764932738,0.1,"exp"
"378","rsmD",0,2.75475617703822,0.1,"exp"
"379","rsmE",0.045,1.37035173695096,0.1,"exp"
"380","rsmG",0,1.72536519154475,0.1,"exp"
"381","rsmI",0,2.47326416264419,0.1,"exp"
"382","secA",0,2.07128762049565,0.1,"exp"
"383","serS",0,2.16292117894177,0.1,"exp"
"384","smc",0,3.67802259600631,0.1,"exp"
"385","smpB",0,2.86539138552527,0.1,"exp"
"386","ssb",0.017,1.53412666635422,0.1,"exp"
"387","sucC",0,3.11821569343261,0.1,"exp"
"388","sucD",0,2.65666214176556,0.1,"exp"
"389","suhB",0,2.2831049163066,0.1,"exp"
"390","tatC",0,2.11509311558734,0.1,"exp"
"391","tgt",0,2.40722899774568,0.1,"exp"
"392","thrC",0,2.44012713579675,0.1,"exp"
"393","thrS",0,1.81191758110257,0.1,"exp"
"394","topA",0.074,1.36771151589642,0.1,"exp"
"395","trmD",0,2.78485940576213,0.1,"exp"
"396","trpB",0.002,1.6825984573211,0.1,"exp"
"397","trpS",0,3.23662948590332,0.1,"exp"
"398","truA",0,1.80652849200646,0.1,"exp"
"399","trxA",0.354,1.08893155413051,0.1,"exp"
"400","trxB",0,2.14537498256393,0.1,"exp"
"401","tsaD",0.013,1.53540629461159,0.1,"exp"
"402","ubiB",0,2.45178591640319,0.1,"exp"
"403","uppP",0,2.56021251773274,0.1,"exp"
"404","uvrA",0,2.96376903573967,0.1,"exp"
"405","uvrB",0.018,1.57828670342966,0.1,"exp"
"406","uvrC",0,2.44712028489269,0.1,"exp"
"407","ychF",0,2.1049922571109,0.1,"exp"
"408","yidC",0,1.91174129901173,0.1,"exp"
"409","accA",0,4.68484917540741,0.05,"gamma"
"410","accB",0,3.96640052171859,0.05,"gamma"
"411","accC",0,5.55630267979438,0.05,"gamma"
"412","acpP",0,3.64219017535428,0.05,"gamma"
"413","ahcY",0,4.29431018794593,0.05,"gamma"
"414","alaS",0,5.42384544376134,0.05,"gamma"
"415","algC",0,5.11346676073914,0.05,"gamma"
"416","aroB",0,3.94741857215847,0.05,"gamma"
"417","aroC",0,4.14001037149841,0.05,"gamma"
"418","aroE",0,3.98359787474293,0.05,"gamma"
"419","aspS",0,4.75553731031019,0.05,"gamma"
"420","atpA",0,4.12439693797168,0.05,"gamma"
"421","atpB",0,4.36418359234679,0.05,"gamma"
"422","atpC",0,4.5313247624912,0.05,"gamma"
"423","atpD",0,4.2516233809214,0.05,"gamma"
"424","atpE",0,8.96761382106122,0.05,"gamma"
"425","atpF",0,5.33520819852164,0.05,"gamma"
"426","atpG",0,6.08783785372292,0.05,"gamma"
"427","atpH",0,4.66154245551168,0.05,"gamma"
"428","carA",0,4.27963420861652,0.05,"gamma"
"429","carB",0,4.5214438850688,0.05,"gamma"
"430","cca",0,5.83275446239606,0.05,"gamma"
"431","clpX",0,4.99159785016345,0.05,"gamma"
"432","coaBC",0,4.75798114708417,0.05,"gamma"
"433","coaD",0,5.45075741525895,0.05,"gamma"
"434","coaE",0,3.65780504521782,0.05,"gamma"
"435","ctaA",0,4.77495005907283,0.05,"gamma"
"436","ctaE",0,4.07131609996395,0.05,"gamma"
"437","cysS",0,3.69991270173286,0.05,"gamma"
"438","dapB",0,3.02141311097682,0.05,"gamma"
"439","dapE",0,4.0970871367208,0.05,"gamma"
"440","dapF",0,4.7748182951897,0.05,"gamma"
"441","def",0,4.58760608814143,0.05,"gamma"
"442","dnaA",0,4.87311620551162,0.05,"gamma"
"443","dnaG",0,4.48016189506202,0.05,"gamma"
"444","dnaK",0,4.97070928361275,0.05,"gamma"
"445","dnaN",0,3.95911815141578,0.05,"gamma"
"446","dnaX",0,4.15597921164399,0.05,"gamma"
"447","dsbD",0,2.35154067344841,0.05,"gamma"
"448","dxs",0,4.85300694530695,0.05,"gamma"
"449","efp",0,4.37489486179119,0.05,"gamma"
"450","eno",0,4.80723382024595,0.05,"gamma"
"451","erpA",0,4.51774179664853,0.05,"gamma"
"452","fabI",0,4.47621958283717,0.05,"gamma"
"453","fmt",0,5.23237469312417,0.05,"gamma"
"454","folD",0,3.46962426017925,0.05,"gamma"
"455","ftsH",0,5.25703715643181,0.05,"gamma"
"456","ftsZ",0,4.42190043910951,0.05,"gamma"
"457","fumC",0,3.60019067064032,0.05,"gamma"
"458","gatB",0,3.87418682388149,0.05,"gamma"
"459","gcvT",0,4.14741269121027,0.05,"gamma"
"460","glmM",0,4.4467707429076,0.05,"gamma"
"461","glmU",0,5.12713598160527,0.05,"gamma"
"462","gloB",0,5.15598877808755,0.05,"gamma"
"463","gltB",0,5.39008845560153,0.05,"gamma"
"464","gltX",0,2.08955930657825,0.05,"gamma"
"465","gmk",0,2.53706568781024,0.05,"gamma"
"466","grpE",0,4.4855282033968,0.05,"gamma"
"467","guaA",0,5.48070767018324,0.05,"gamma"
"468","gyrA",0,4.19670055045443,0.05,"gamma"
"469","gyrB",0,6.68051261446688,0.05,"gamma"
"470","hemC",0,3.82776072455086,0.05,"gamma"
"471","hemE",0,3.94660913337076,0.05,"gamma"
"472","hemH",0,4.79050921258075,0.05,"gamma"
"473","hisF",0,4.81432020128777,0.05,"gamma"
"474","hisH",0,3.86044482265854,0.05,"gamma"
"475","icd",0,4.97900265065087,0.05,"gamma"
"476","ileS",0,4.80609486426585,0.05,"gamma"
"477","ilvC",0,5.02744690326661,0.05,"gamma"
"478","ilvE",0,5.08401927106282,0.05,"gamma"
"479","ilvH",0,4.24714538270061,0.05,"gamma"
"480","infB",0,4.96531037927496,0.05,"gamma"
"481","infC",0,5.72137979683314,0.05,"gamma"
"482","lepA",0,3.89681884172912,0.05,"gamma"
"483","leuA",0,4.56755443530088,0.05,"gamma"
"484","leuB",0,5.06781342020634,0.05,"gamma"
"485","leuS",0.036,1.41013328362391,0.05,"gamma"
"486","lgt",0,5.99927552127762,0.05,"gamma"
"487","ligA",0,5.44258425677301,0.05,"gamma"
"488","lipA",0,5.01127583134601,0.05,"gamma"
"489","lnt",0,4.17934135644595,0.05,"gamma"
"490","lptD",0.029,1.44542861063819,0.05,"gamma"
"491","lspA",0,4.87571041493849,0.05,"gamma"
"492","lysA",0,4.71539874583183,0.05,"gamma"
"493","lysS",0,4.2418531899126,0.05,"gamma"
"494","map",0,4.55090388777092,0.05,"gamma"
"495","metC",0,2.8268258168402,0.05,"gamma"
"496","metG",0,3.78759904860763,0.05,"gamma"
"497","metK",0,4.69587423055036,0.05,"gamma"
"498","miaA",0,3.84611923263966,0.05,"gamma"
"499","miaB",0,4.81826771840392,0.05,"gamma"
"500","mnmA",0,4.82747961658204,0.05,"gamma"
"501","mnmE",0,2.84824698092986,0.05,"gamma"
"502","mnmG",0,3.9869609463526,0.05,"gamma"
"503","mrdA",0,4.2121309775757,0.05,"gamma"
"504","mrdB",0,4.08755452722644,0.05,"gamma"
"505","mreB",0,4.10402454212446,0.05,"gamma"
"506","msrA",0,5.35112007977653,0.05,"gamma"
"507","msrB",0,4.41604519546674,0.05,"gamma"
"508","nadD",0,4.39352336331231,0.05,"gamma"
"509","nadE",0,3.63063310306108,0.05,"gamma"
"510","ndk",0,3.09717700504243,0.05,"gamma"
"511","nfuA",0,4.42696689766905,0.05,"gamma"
"512","nth",0,3.9508312518587,0.05,"gamma"
"513","nusA",0,5.63082782149928,0.05,"gamma"
"514","pdxH",0,5.38223948164891,0.05,"gamma"
"515","pepA",0,2.52807688279333,0.05,"gamma"
"516","petA",0,4.32411224557456,0.05,"gamma"
"517","pgk",0,3.54356717036363,0.05,"gamma"
"518","pgsA",0,5.76272000164013,0.05,"gamma"
"519","pheA",0,4.81178818097,0.05,"gamma"
"520","pheS",0,4.76216805727138,0.05,"gamma"
"521","pheT",0,4.25615691978733,0.05,"gamma"
"522","phrA",0,5.82483392511552,0.05,"gamma"
"523","phrB",0,4.95420010787874,0.05,"gamma"
"524","pnp",0,3.72945644550477,0.05,"gamma"
"525","pntA",0.003,1.65769103946405,0.05,"gamma"
"526","pntB",0,3.43460275633026,0.05,"gamma"
"527","polA",0,5.25563459427321,0.05,"gamma"
"528","prfA",0,5.20385959439951,0.05,"gamma"
"529","prfB",0,4.83214302148835,0.05,"gamma"
"530","priA",0,3.40680909860089,0.05,"gamma"
"531","prmC",0,3.23975498717755,0.05,"gamma"
"532","proC",0,4.5375785412154,0.05,"gamma"
"533","proS",0,4.30364286355932,0.05,"gamma"
"534","prs",0,4.65741200671449,0.05,"gamma"
"535","pth",0,4.20641358872528,0.05,"gamma"
"536","purA",0,3.6544993138853,0.05,"gamma"
"537","purB",0,4.60112987216651,0.05,"gamma"
"538","purC",0,5.40836074950797,0.05,"gamma"
"539","purD",0,4.53373627536195,0.05,"gamma"
"540","purE",0,4.67627367429249,0.05,"gamma"
"541","purF",0,5.8938138340293,0.05,"gamma"
"542","purH",0,4.19319610405248,0.05,"gamma"
"543","purL",0,4.05064402816303,0.05,"gamma"
"544","purM",0,5.17236058050335,0.05,"gamma"
"545","purN",0,4.83304647196247,0.05,"gamma"
"546","pyrB",0,4.77589843964057,0.05,"gamma"
"547","pyrC",0,4.38038394621708,0.05,"gamma"
"548","pyrD",0,5.20274069082548,0.05,"gamma"
"549","pyrE",0,3.54486726183322,0.05,"gamma"
"550","pyrF",0,3.49935053527736,0.05,"gamma"
"551","pyrG",0,4.81818874697869,0.05,"gamma"
"552","rbfA",0,3.30743378071109,0.05,"gamma"
"553","recA",0,4.14736921391342,0.05,"gamma"
"554","recR",0,3.20086056795938,0.05,"gamma"
"555","rho",0,3.80678862210222,0.05,"gamma"
"556","rluD",0,4.13428294079097,0.05,"gamma"
"557","rnhA",0,3.18505477284906,0.05,"gamma"
"558","rnhB",0,5.04186700537114,0.05,"gamma"
"559","rnpA",0,3.87146545346115,0.05,"gamma"
"560","rpe",0,4.35193476825949,0.05,"gamma"
"561","rplK",0,3.97123453887007,0.05,"gamma"
"562","rplM",0,4.96328775599592,0.05,"gamma"
"563","rplS",0,4.36351026437719,0.05,"gamma"
"564","rplT",0,3.86685398141318,0.05,"gamma"
"565","rplU",0,3.64323733980446,0.05,"gamma"
"566","rplY",0,5.30332430098528,0.05,"gamma"
"567","rpmA",0,3.9141555122699,0.05,"gamma"
"568","rpmB",0,4.91545065142316,0.05,"gamma"
"569","rpmI",0,2.82221815935963,0.05,"gamma"
"570","rpoA",0,5.03384645312629,0.05,"gamma"
"571","rpoB",0,4.78659906463572,0.05,"gamma"
"572","rpoC",0,5.26053753233513,0.05,"gamma"
"573","rpsA",0,3.46504720387816,0.05,"gamma"
"574","rpsD",0,5.35127865607628,0.05,"gamma"
"575","rpsI",0,4.51627242088353,0.05,"gamma"
"576","rpsK",0,4.44100819590441,0.05,"gamma"
"577","rpsM",0,4.56720658890006,0.05,"gamma"
"578","rpsO",0,3.65825307193284,0.05,"gamma"
"579","rpsT",0,2.7034128581791,0.05,"gamma"
"580","rsfS",0,4.13502983465624,0.05,"gamma"
"581","rsmA",0.007,1.64100008769431,0.05,"gamma"
"582","rsmD",0,2.7342331844871,0.05,"gamma"
"583","rsmE",0,4.60898660843472,0.05,"gamma"
"584","rsmG",0,3.16523178519156,0.05,"gamma"
"585","rsmI",0,3.9605261848602,0.05,"gamma"
"586","secA",0,5.76635349463498,0.05,"gamma"
"587","serS",0,4.92108124319301,0.05,"gamma"
"588","smc",0,2.05847180224915,0.05,"gamma"
"589","smpB",0,5.92578588817764,0.05,"gamma"
"590","ssb",0,5.59814720909869,0.05,"gamma"
"591","sucC",0,4.63817510095115,0.05,"gamma"
"592","sucD",0,4.74942671641624,0.05,"gamma"
"593","suhB",0,3.97003897716405,0.05,"gamma"
"594","tatC",0,4.88339988675055,0.05,"gamma"
"595","tgt",0,5.80212981854617,0.05,"gamma"
"596","thrC",0,3.58680672818688,0.05,"gamma"
"597","thrS",0,4.51697252654919,0.05,"gamma"
"598","topA",0,3.87599399763044,0.05,"gamma"
"599","trmD",0,4.4285155634031,0.05,"gamma"
"600","trpB",0,5.18942635886295,0.05,"gamma"
"601","trpS",0,4.46317872128128,0.05,"gamma"
"602","truA",0,5.70513921796409,0.05,"gamma"
"603","trxA",0.018,1.52360055152935,0.05,"gamma"
"604","trxB",0,4.19142989295052,0.05,"gamma"
"605","tsaD",0,5.04468395207716,0.05,"gamma"
"606","ubiB",0,4.96109480187044,0.05,"gamma"
"607","uppP",0,3.5211967793995,0.05,"gamma"
"608","uvrA",0,6.30913218059559,0.05,"gamma"
"609","uvrB",0,4.42119374856713,0.05,"gamma"
"610","uvrC",0,4.04080611991417,0.05,"gamma"
"611","ychF",0,4.92570678103806,0.05,"gamma"
"612","yidC",0,5.22566361725978,0.05,"gamma"
"613","accA",0,5.75869058848218,0.1,"gamma"
"614","accB",0,4.89736327299132,0.1,"gamma"
"615","accC",0,5.72397860197214,0.1,"gamma"
"616","acpP",0,4.58035639747473,0.1,"gamma"
"617","ahcY",0,5.96902057625864,0.1,"gamma"
"618","alaS",0,3.76948430186937,0.1,"gamma"
"619","algC",0,5.57228532649158,0.1,"gamma"
"620","aroB",0,3.75399758935367,0.1,"gamma"
"621","aroC",0,6.17715833132667,0.1,"gamma"
"622","aroE",0,4.78505731859328,0.1,"gamma"
"623","aspS",0,4.16420137633099,0.1,"gamma"
"624","atpA",0,4.54962956117667,0.1,"gamma"
"625","atpB",0,4.84578098791029,0.1,"gamma"
"626","atpC",0,4.99538991058007,0.1,"gamma"
"627","atpD",0,5.09574979100042,0.1,"gamma"
"628","atpE",0,6.90188478280302,0.1,"gamma"
"629","atpF",0,4.85022246604904,0.1,"gamma"
"630","atpG",0,5.68589687409766,0.1,"gamma"
"631","atpH",0,4.29325737319717,0.1,"gamma"
"632","carA",0,4.79255512782385,0.1,"gamma"
"633","carB",0,5.54586277541383,0.1,"gamma"
"634","cca",0,5.37403490419283,0.1,"gamma"
"635","clpX",0,4.79032702776737,0.1,"gamma"
"636","coaBC",0,5.46988296129917,0.1,"gamma"
"637","coaD",0,6.79534805238471,0.1,"gamma"
"638","coaE",0,3.53921906344095,0.1,"gamma"
"639","ctaA",0,3.74048438059246,0.1,"gamma"
"640","ctaE",0,3.14281574222467,0.1,"gamma"
"641","cysS",0,3.65238305441312,0.1,"gamma"
"642","dapB",0,4.04747183970075,0.1,"gamma"
"643","dapE",0,3.91980995403346,0.1,"gamma"
"644","dapF",0,4.47965132206157,0.1,"gamma"
"645","def",0,5.560184395786,0.1,"gamma"
"646","dnaA",0,6.72747059873152,0.1,"gamma"
"647","dnaG",0,3.3248198077471,0.1,"gamma"
"648","dnaK",0,5.32193641974569,0.1,"gamma"
"649","dnaN",0,4.57012313974873,0.1,"gamma"
"650","dnaX",0,3.03780988863688,0.1,"gamma"
"651","dsbD",0.001,2.67656483902932,0.1,"gamma"
"652","dxs",0,5.24903097653769,0.1,"gamma"
"653","efp",0,3.13559443577526,0.1,"gamma"
"654","eno",0,4.72521412104545,0.1,"gamma"
"655","erpA",0,5.67675491687743,0.1,"gamma"
"656","fabI",0,5.80307727070985,0.1,"gamma"
"657","fmt",0,6.06362756598031,0.1,"gamma"
"658","folD",0,3.80525529192794,0.1,"gamma"
"659","ftsH",0,5.77633385253887,0.1,"gamma"
"660","ftsZ",0,4.9551073377291,0.1,"gamma"
"661","fumC",0,3.58850603075012,0.1,"gamma"
"662","gatB",0,5.11287516207011,0.1,"gamma"
"663","gcvT",0,5.16931396550798,0.1,"gamma"
"664","glmM",0,4.64151041330058,0.1,"gamma"
"665","glmU",0,4.29742900160311,0.1,"gamma"
"666","gloB",0,5.32046251450114,0.1,"gamma"
"667","gltB",0,3.99172918128175,0.1,"gamma"
"668","gltX",0,3.62687546135139,0.1,"gamma"
"669","gmk",0,2.82687008994045,0.1,"gamma"
"670","grpE",0,6.01363567294934,0.1,"gamma"
"671","guaA",0,5.647303690273,0.1,"gamma"
"672","gyrA",0,5.49960850847812,0.1,"gamma"
"673","gyrB",0,6.3375110361635,0.1,"gamma"
"674","hemC",0,2.58199766874352,0.1,"gamma"
"675","hemE",0,4.12313514543934,0.1,"gamma"
"676","hemH",0,5.56866843723783,0.1,"gamma"
"677","hisF",0,5.59252474691684,0.1,"gamma"
"678","hisH",0,3.16429816658021,0.1,"gamma"
"679","icd",0,6.88075864630995,0.1,"gamma"
"680","ileS",0,5.40921335566004,0.1,"gamma"
"681","ilvC",0,5.09244706749358,0.1,"gamma"
"682","ilvE",0,7.29615140222471,0.1,"gamma"
"683","ilvH",0,5.63895055754571,0.1,"gamma"
"684","infB",0,5.67303858172516,0.1,"gamma"
"685","infC",0,5.72000474417656,0.1,"gamma"
"686","lepA",0,5.88411888723721,0.1,"gamma"
"687","leuA",0,4.99698641967885,0.1,"gamma"
"688","leuB",0,6.51782274798647,0.1,"gamma"
"689","leuS",0.01,1.54260083652935,0.1,"gamma"
"690","lgt",0,4.21909778122822,0.1,"gamma"
"691","ligA",0,2.73426579565296,0.1,"gamma"
"692","lipA",0,5.09458952770244,0.1,"gamma"
"693","lnt",0,5.34177393321511,0.1,"gamma"
"694","lptD",0.005,1.62314841084592,0.1,"gamma"
"695","lspA",0,4.09036014924718,0.1,"gamma"
"696","lysA",0,4.95115255104595,0.1,"gamma"
"697","lysS",0,6.05122214215096,0.1,"gamma"
"698","map",0,4.97666922104631,0.1,"gamma"
"699","metC",0,3.6198900679976,0.1,"gamma"
"700","metG",0,3.60863378194313,0.1,"gamma"
"701","metK",0,4.83970009509887,0.1,"gamma"
"702","miaA",0,6.19483014694458,0.1,"gamma"
"703","miaB",0,5.16170092719661,0.1,"gamma"
"704","mnmA",0,5.56394236369343,0.1,"gamma"
"705","mnmE",0,3.07186841662844,0.1,"gamma"
"706","mnmG",0,4.42271389024161,0.1,"gamma"
"707","mrdA",0,3.98447670706255,0.1,"gamma"
"708","mrdB",0,4.76634176645655,0.1,"gamma"
"709","mreB",0,5.48078038387759,0.1,"gamma"
"710","msrA",0,6.56589887801053,0.1,"gamma"
"711","msrB",0,5.17363264415314,0.1,"gamma"
"712","nadD",0,5.70223350475817,0.1,"gamma"
"713","nadE",0,5.22467601503154,0.1,"gamma"
"714","ndk",0,2.85866834750606,0.1,"gamma"
"715","nfuA",0,4.62526170903303,0.1,"gamma"
"716","nth",0,4.59409793718446,0.1,"gamma"
"717","nusA",0,6.09913313654417,0.1,"gamma"
"718","pdxH",0,5.74195106655704,0.1,"gamma"
"719","pepA",0,2.59074008207701,0.1,"gamma"
"720","petA",0,5.41804399008883,0.1,"gamma"
"721","pgk",0,4.12866079681406,0.1,"gamma"
"722","pgsA",0,5.77079057341647,0.1,"gamma"
"723","pheA",0,5.35556580337441,0.1,"gamma"
"724","pheS",0,5.00387608812077,0.1,"gamma"
"725","pheT",0,3.84336286073196,0.1,"gamma"
"726","phrA",0,5.86467796350261,0.1,"gamma"
"727","phrB",0,4.71943273787684,0.1,"gamma"
"728","pnp",0,4.36811412596136,0.1,"gamma"
"729","pntA",0.112,1.62451391558427,0.1,"gamma"
"730","pntB",0,3.44683734071094,0.1,"gamma"
"731","polA",0,4.75276024339972,0.1,"gamma"
"732","prfA",0,5.2649644717283,0.1,"gamma"
"733","prfB",0,5.45242627575909,0.1,"gamma"
"734","priA",0,3.51720821730358,0.1,"gamma"
"735","prmC",0,2.48145002473577,0.1,"gamma"
"736","proC",0,4.49755325566838,0.1,"gamma"
"737","proS",0,5.3623548938106,0.1,"gamma"
"738","prs",0,5.14058467944935,0.1,"gamma"
"739","pth",0,2.3827493258163,0.1,"gamma"
"740","purA",0,5.43140360668224,0.1,"gamma"
"741","purB",0,5.49614129913171,0.1,"gamma"
"742","purC",0,6.09784243452784,0.1,"gamma"
"743","purD",0,4.22093130750898,0.1,"gamma"
"744","purE",0,5.97765454593204,0.1,"gamma"
"745","purF",0,7.97707142735366,0.1,"gamma"
"746","purH",0,5.62824784906705,0.1,"gamma"
"747","purL",0,4.62721766338085,0.1,"gamma"
"748","purM",0,6.07437001039502,0.1,"gamma"
"749","purN",0,3.74581067702332,0.1,"gamma"
"750","pyrB",0,4.51393638801293,0.1,"gamma"
"751","pyrC",0,5.34696536951596,0.1,"gamma"
"752","pyrD",0,5.32340237380665,0.1,"gamma"
"753","pyrE",0,4.89156080156371,0.1,"gamma"
"754","pyrF",0,3.09239948029261,0.1,"gamma"
"755","pyrG",0,6.96271120383849,0.1,"gamma"
"756","rbfA",0,3.41981328431431,0.1,"gamma"
"757","recA",0,5.2188474713916,0.1,"gamma"
"758","recR",0,3.90594004153393,0.1,"gamma"
"759","rho",0,3.14505369706189,0.1,"gamma"
"760","rluD",0,5.23472449518105,0.1,"gamma"
"761","rnhA",0,2.87159486575545,0.1,"gamma"
"762","rnhB",0,4.65994506643869,0.1,"gamma"
"763","rnpA",0,3.03703117242557,0.1,"gamma"
"764","rpe",0,6.88592382316195,0.1,"gamma"
"765","rplK",0,4.53675039026054,0.1,"gamma"
"766","rplM",0,6.09550266647317,0.1,"gamma"
"767","rplS",0,4.63609328647578,0.1,"gamma"
"768","rplT",0,4.28199784567577,0.1,"gamma"
"769","rplU",0,3.73236208449281,0.1,"gamma"
"770","rplY",0,5.51249417149612,0.1,"gamma"
"771","rpmA",0,4.74168913458947,0.1,"gamma"
"772","rpmB",0,3.38097973106371,0.1,"gamma"
"773","rpmI",0,4.13258246147423,0.1,"gamma"
"774","rpoA",0,3.81416785984267,0.1,"gamma"
"775","rpoB",0,4.5961667927827,0.1,"gamma"
"776","rpoC",0,6.62741730533031,0.1,"gamma"
"777","rpsA",0,4.24001750707778,0.1,"gamma"
"778","rpsD",0,4.40689309510949,0.1,"gamma"
"779","rpsI",0,4.56777878562935,0.1,"gamma"
"780","rpsK",0,3.50982138622225,0.1,"gamma"
"781","rpsM",0,4.70581644469251,0.1,"gamma"
"782","rpsO",0,3.92929250971346,0.1,"gamma"
"783","rpsT",0,5.37079714706637,0.1,"gamma"
"784","rsfS",0,5.30131809018123,0.1,"gamma"
"785","rsmA",0,1.93638521719092,0.1,"gamma"
"786","rsmD",0,3.63596326841089,0.1,"gamma"
"787","rsmE",0,4.89746014923911,0.1,"gamma"
"788","rsmG",0,3.21582962276129,0.1,"gamma"
"789","rsmI",0,3.51942200599785,0.1,"gamma"
"790","secA",0,4.21426915949628,0.1,"gamma"
"791","serS",0,5.48103773705937,0.1,"gamma"
"792","smc",0.003,1.86768891534528,0.1,"gamma"
"793","smpB",0,5.26473155930718,0.1,"gamma"
"794","ssb",0,5.46603197090681,0.1,"gamma"
"795","sucC",0,5.87975083218496,0.1,"gamma"
"796","sucD",0,6.84815901288257,0.1,"gamma"
"797","suhB",0,4.19646900520355,0.1,"gamma"
"798","tatC",0,2.85681352391229,0.1,"gamma"
"799","tgt",0,6.28489911721103,0.1,"gamma"
"800","thrC",0,3.45580204607671,0.1,"gamma"
"801","thrS",0,3.74580003229549,0.1,"gamma"
"802","topA",0,4.94643990969678,0.1,"gamma"
"803","trmD",0,5.2103334920207,0.1,"gamma"
"804","trpB",0,6.26248367232671,0.1,"gamma"
"805","trpS",0,6.75131023065345,0.1,"gamma"
"806","truA",0,6.50908720384358,0.1,"gamma"
"807","trxA",0,2.70175970090009,0.1,"gamma"
"808","trxB",0,6.36980723482219,0.1,"gamma"
"809","tsaD",0,3.4260926163571,0.1,"gamma"
"810","ubiB",0,5.71260456648051,0.1,"gamma"
"811","uppP",0,4.40667978811154,0.1,"gamma"
"812","uvrA",0,5.76533744591589,0.1,"gamma"
"813","uvrB",0,5.36018710852255,0.1,"gamma"
"814","uvrC",0,4.68342756122952,0.1,"gamma"
"815","ychF",0,3.80570422056994,0.1,"gamma"
"816","yidC",0,4.48083312173145,0.1,"gamma"
"817","accA",0,3.00270314940792,0.05,"lnorm"
"818","accB",0,3.06914486252281,0.05,"lnorm"
"819","accC",0,2.12522923013342,0.05,"lnorm"
"820","acpP",0,8.29728811506503,0.05,"lnorm"
"821","ahcY",0,2.79407950761042,0.05,"lnorm"
"822","alaS",0,2.47417236409881,0.05,"lnorm"
"823","algC",0,2.62093411168841,0.05,"lnorm"
"824","aroB",0,2.76757267399619,0.05,"lnorm"
"825","aroC",0,2.95074111694375,0.05,"lnorm"
"826","aroE",0,3.35860456031996,0.05,"lnorm"
"827","aspS",0,2.59509384793428,0.05,"lnorm"
"828","atpA",0,2.73068254851074,0.05,"lnorm"
"829","atpB",0,2.64545923177501,0.05,"lnorm"
"830","atpC",0,2.83385859089927,0.05,"lnorm"
"831","atpD",0,2.8020838143807,0.05,"lnorm"
"832","atpE",0,13.6410694484785,0.05,"lnorm"
"833","atpF",0,2.72915288698538,0.05,"lnorm"
"834","atpG",0,3.96205175879235,0.05,"lnorm"
"835","atpH",0,3.11287487616773,0.05,"lnorm"
"836","carA",0,3.52608326686628,0.05,"lnorm"
"837","carB",0,3.04727217148342,0.05,"lnorm"
"838","cca",0,2.66328648444567,0.05,"lnorm"
"839","clpX",0,2.37024530794313,0.05,"lnorm"
"840","coaBC",0,3.10978796124989,0.05,"lnorm"
"841","coaD",0,2.75419904120704,0.05,"lnorm"
"842","coaE",0,3.08774543537528,0.05,"lnorm"
"843","ctaA",0,2.91772366204011,0.05,"lnorm"
"844","ctaE",0,3.02148129321171,0.05,"lnorm"
"845","cysS",0,2.9837747666316,0.05,"lnorm"
"846","dapB",0,3.49454687346713,0.05,"lnorm"
"847","dapE",0,3.16205347090476,0.05,"lnorm"
"848","dapF",0,3.12301674045714,0.05,"lnorm"
"849","def",0,2.69672796057312,0.05,"lnorm"
"850","dnaA",0,3.23842258537926,0.05,"lnorm"
"851","dnaG",0,3.42442106912602,0.05,"lnorm"
"852","dnaK",0,3.13899402992992,0.05,"lnorm"
"853","dnaN",0,3.94115003137023,0.05,"lnorm"
"854","dnaX",0,2.59177021465788,0.05,"lnorm"
"855","dsbD",0.001,1.88954374454932,0.05,"lnorm"
"856","dxs",0,5.37311736588643,0.05,"lnorm"
"857","efp",0,3.25064404809575,0.05,"lnorm"
"858","eno",0,2.10669107644975,0.05,"lnorm"
"859","erpA",0,2.08149931559614,0.05,"lnorm"
"860","fabI",0,3.8535781921983,0.05,"lnorm"
"861","fmt",0,2.49312299390341,0.05,"lnorm"
"862","folD",0,2.80906458422515,0.05,"lnorm"
"863","ftsH",0,3.06516552434825,0.05,"lnorm"
"864","ftsZ",0,2.41459207082355,0.05,"lnorm"
"865","fumC",0,2.47457850845256,0.05,"lnorm"
"866","gatB",0,2.46308506354352,0.05,"lnorm"
"867","gcvT",0,3.43379699148416,0.05,"lnorm"
"868","glmM",0,3.49606919174686,0.05,"lnorm"
"869","glmU",0,2.45717958098557,0.05,"lnorm"
"870","gloB",0,2.57897918835526,0.05,"lnorm"
"871","gltB",0,2.49097593371611,0.05,"lnorm"
"872","gltX",0,3.4282287871796,0.05,"lnorm"
"873","gmk",0,3.84611596510976,0.05,"lnorm"
"874","grpE",0,3.74193004083003,0.05,"lnorm"
"875","guaA",0,2.70857692386173,0.05,"lnorm"
"876","gyrA",0,2.51857196695644,0.05,"lnorm"
"877","gyrB",0,3.3915405524681,0.05,"lnorm"
"878","hemC",0,3.09613748525812,0.05,"lnorm"
"879","hemE",0,2.25937878270999,0.05,"lnorm"
"880","hemH",0,3.35862050504445,0.05,"lnorm"
"881","hisF",0,5.34216104420602,0.05,"lnorm"
"882","hisH",0,5.95453741090752,0.05,"lnorm"
"883","icd",0,1.9001256155466,0.05,"lnorm"
"884","ileS",0,3.71881781174232,0.05,"lnorm"
"885","ilvC",0,2.36176665992017,0.05,"lnorm"
"886","ilvE",0,2.35165748011566,0.05,"lnorm"
"887","ilvH",0,2.31986106277127,0.05,"lnorm"
"888","infB",0,2.57578233968409,0.05,"lnorm"
"889","infC",0,3.02742341324804,0.05,"lnorm"
"890","lepA",0,3.61618281516994,0.05,"lnorm"
"891","leuA",0,2.76298053740794,0.05,"lnorm"
"892","leuB",0,2.53720080434781,0.05,"lnorm"
"893","leuS",0,4.9652634104497,0.05,"lnorm"
"894","lgt",0,2.2998143598619,0.05,"lnorm"
"895","ligA",0,2.99324965101086,0.05,"lnorm"
"896","lipA",0.002,1.54503098359636,0.05,"lnorm"
"897","lnt",0,3.08631981143466,0.05,"lnorm"
"898","lptD",0,3.91708227782497,0.05,"lnorm"
"899","lspA",0,1.8263849620167,0.05,"lnorm"
"900","lysA",0,2.82182136653779,0.05,"lnorm"
"901","lysS",0,2.28678149706719,0.05,"lnorm"
"902","map",0,2.56746587358553,0.05,"lnorm"
"903","metC",0,2.9885973383083,0.05,"lnorm"
"904","metG",0,3.52757988168151,0.05,"lnorm"
"905","metK",0,3.86331614802645,0.05,"lnorm"
"906","miaA",0,1.64929202341224,0.05,"lnorm"
"907","miaB",0,2.13636999778651,0.05,"lnorm"
"908","mnmA",0,2.74148633521774,0.05,"lnorm"
"909","mnmE",0,4.70173991702768,0.05,"lnorm"
"910","mnmG",0,2.94756928500376,0.05,"lnorm"
"911","mrdA",0,3.00111228589514,0.05,"lnorm"
"912","mrdB",0,3.20516745081488,0.05,"lnorm"
"913","mreB",0,3.10465952786203,0.05,"lnorm"
"914","msrA",0,5.1074036284463,0.05,"lnorm"
"915","msrB",0,2.33947778302721,0.05,"lnorm"
"916","nadD",0,2.51159505033255,0.05,"lnorm"
"917","nadE",0,5.06793236389301,0.05,"lnorm"
"918","ndk",0,3.53677144269128,0.05,"lnorm"
"919","nfuA",0,2.7506045970298,0.05,"lnorm"
"920","nth",0,3.32628179466412,0.05,"lnorm"
"921","nusA",0,2.68862193041274,0.05,"lnorm"
"922","pdxH",0,3.71432819760578,0.05,"lnorm"
"923","pepA",0,3.55691072865035,0.05,"lnorm"
"924","petA",0,2.79837477736614,0.05,"lnorm"
"925","pgk",0,2.84048480787727,0.05,"lnorm"
"926","pgsA",0,2.18457162058944,0.05,"lnorm"
"927","pheA",0,2.91330985249286,0.05,"lnorm"
"928","pheS",0,2.37919336841258,0.05,"lnorm"
"929","pheT",0,3.39504590736416,0.05,"lnorm"
"930","phrA",0,2.81713151941227,0.05,"lnorm"
"931","phrB",0,2.62705157731847,0.05,"lnorm"
"932","pnp",0,2.95532545448422,0.05,"lnorm"
"933","pntA",0.213,1.31831950192708,0.05,"lnorm"
"934","pntB",0,6.50643295412796,0.05,"lnorm"
"935","polA",0,2.88468530457493,0.05,"lnorm"
"936","prfA",0,2.36690243357856,0.05,"lnorm"
"937","prfB",0,1.79061249399512,0.05,"lnorm"
"938","priA",0,3.72291397544933,0.05,"lnorm"
"939","prmC",0,3.14689282334854,0.05,"lnorm"
"940","proC",0,2.2837094693542,0.05,"lnorm"
"941","proS",0,2.57653693769888,0.05,"lnorm"
"942","prs",0,2.11043683662394,0.05,"lnorm"
"943","pth",0,2.82921986016343,0.05,"lnorm"
"944","purA",0,2.69009789772872,0.05,"lnorm"
"945","purB",0,2.99061541566331,0.05,"lnorm"
"946","purC",0,2.22690542883883,0.05,"lnorm"
"947","purD",0,2.75542648653163,0.05,"lnorm"
"948","purE",0,2.52273961038656,0.05,"lnorm"
"949","purF",0,3.72136905379979,0.05,"lnorm"
"950","purH",0,1.78978155084129,0.05,"lnorm"
"951","purL",0,2.87786594873561,0.05,"lnorm"
"952","purM",0,2.38341942956004,0.05,"lnorm"
"953","purN",0,3.81286888292208,0.05,"lnorm"
"954","pyrB",0,2.35298544459621,0.05,"lnorm"
"955","pyrC",0,3.36662236127445,0.05,"lnorm"
"956","pyrD",0,2.54261151307325,0.05,"lnorm"
"957","pyrE",0.001,1.70415395638576,0.05,"lnorm"
"958","pyrF",0,4.97797125751727,0.05,"lnorm"
"959","pyrG",0,2.8782608973157,0.05,"lnorm"
"960","rbfA",0,4.67498892578838,0.05,"lnorm"
"961","recA",0,3.10610681982963,0.05,"lnorm"
"962","recR",0,3.17272885493408,0.05,"lnorm"
"963","rho",0,3.43539786346753,0.05,"lnorm"
"964","rluD",0,2.84311655334064,0.05,"lnorm"
"965","rnhA",0,5.70251916503931,0.05,"lnorm"
"966","rnhB",0,2.6992260984371,0.05,"lnorm"
"967","rnpA",0,3.56364134910455,0.05,"lnorm"
"968","rpe",0,3.11091592065814,0.05,"lnorm"
"969","rplK",0,3.62038705061938,0.05,"lnorm"
"970","rplM",0,2.41972662083466,0.05,"lnorm"
"971","rplS",0,3.03994383640987,0.05,"lnorm"
"972","rplT",0,4.6144923098026,0.05,"lnorm"
"973","rplU",0,3.30456382908187,0.05,"lnorm"
"974","rplY",0,2.32490159179844,0.05,"lnorm"
"975","rpmA",0,3.64264442363792,0.05,"lnorm"
"976","rpmB",0,3.62053738366656,0.05,"lnorm"
"977","rpmI",0,5.15682181914671,0.05,"lnorm"
"978","rpoA",0,2.98851859174081,0.05,"lnorm"
"979","rpoB",0,3.20606359638588,0.05,"lnorm"
"980","rpoC",0,2.39204338010877,0.05,"lnorm"
"981","rpsA",0,3.56313867375154,0.05,"lnorm"
"982","rpsD",0,1.91854824500641,0.05,"lnorm"
"983","rpsI",0,2.49382813558412,0.05,"lnorm"
"984","rpsK",0,4.00254019039968,0.05,"lnorm"
"985","rpsM",0,3.21676390670186,0.05,"lnorm"
"986","rpsO",0,2.78968078681175,0.05,"lnorm"
"987","rpsT",0,2.73017644044295,0.05,"lnorm"
"988","rsfS",0,2.33524026492114,0.05,"lnorm"
"989","rsmA",0,4.05176557604902,0.05,"lnorm"
"990","rsmD",0,3.26661102964348,0.05,"lnorm"
"991","rsmE",0,3.45779052961984,0.05,"lnorm"
"992","rsmG",0,3.00703261033503,0.05,"lnorm"
"993","rsmI",0,3.23729520856905,0.05,"lnorm"
"994","secA",0,2.35025882637599,0.05,"lnorm"
"995","serS",0,2.79236771358197,0.05,"lnorm"
"996","smc",0,3.47886255671853,0.05,"lnorm"
"997","smpB",0,2.60387383082575,0.05,"lnorm"
"998","ssb",0,2.32519161757826,0.05,"lnorm"
"999","sucC",0,3.68496897179008,0.05,"lnorm"
"1000","sucD",0,2.22130883748413,0.05,"lnorm"
"1001","suhB",0,3.48338469684794,0.05,"lnorm"
"1002","tatC",0,3.00766796235544,0.05,"lnorm"
"1003","tgt",0,2.71501237549266,0.05,"lnorm"
"1004","thrC",0,4.04962358168668,0.05,"lnorm"
"1005","thrS",0,2.85092737065033,0.05,"lnorm"
"1006","topA",0,2.83169314062756,0.05,"lnorm"
"1007","trmD",0,2.24126776730107,0.05,"lnorm"
"1008","trpB",0,4.06902058105451,0.05,"lnorm"
"1009","trpS",0,1.7782733782202,0.05,"lnorm"
"1010","truA",0,4.01705460683992,0.05,"lnorm"
"1011","trxA",0,3.1054327435919,0.05,"lnorm"
"1012","trxB",0,3.09427814070943,0.05,"lnorm"
"1013","tsaD",0,2.32305131133817,0.05,"lnorm"
"1014","ubiB",0,2.39007425580693,0.05,"lnorm"
"1015","uppP",0,2.27738523025041,0.05,"lnorm"
"1016","uvrA",0,2.07977019442413,0.05,"lnorm"
"1017","uvrB",0,2.32163973223308,0.05,"lnorm"
"1018","uvrC",0,3.31788063598685,0.05,"lnorm"
"1019","ychF",0,2.64270819292718,0.05,"lnorm"
"1020","yidC",0,3.03121976720526,0.05,"lnorm"
"1021","accA",0,2.51966511933209,0.1,"lnorm"
"1022","accB",0,2.62185849979253,0.1,"lnorm"
"1023","accC",0,2.34470394542338,0.1,"lnorm"
"1024","acpP",0,7.80798423083621,0.1,"lnorm"
"1025","ahcY",0,4.48791494069887,0.1,"lnorm"
"1026","alaS",0.008,1.50249047650814,0.1,"lnorm"
"1027","algC",0,3.34934238540296,0.1,"lnorm"
"1028","aroB",0,2.94166704195762,0.1,"lnorm"
"1029","aroC",0,3.38126358364843,0.1,"lnorm"
"1030","aroE",0,3.33252678017541,0.1,"lnorm"
"1031","aspS",0,1.79282610645901,0.1,"lnorm"
"1032","atpA",0,3.46326925513075,0.1,"lnorm"
"1033","atpB",0,2.58790137057702,0.1,"lnorm"
"1034","atpC",0,2.78541048771194,0.1,"lnorm"
"1035","atpD",0,3.0979431083307,0.1,"lnorm"
"1036","atpE",0,11.9488450923484,0.1,"lnorm"
"1037","atpF",0,2.77225415751431,0.1,"lnorm"
"1038","atpG",0,4.08304014782596,0.1,"lnorm"
"1039","atpH",0,2.42850555344829,0.1,"lnorm"
"1040","carA",0,3.1188809336701,0.1,"lnorm"
"1041","carB",0,3.27832465677617,0.1,"lnorm"
"1042","cca",0,2.30050362716823,0.1,"lnorm"
"1043","clpX",0,2.49026514092584,0.1,"lnorm"
"1044","coaBC",0,2.89079447755761,0.1,"lnorm"
"1045","coaD",0,3.22198061317885,0.1,"lnorm"
"1046","coaE",0,2.42776909503962,0.1,"lnorm"
"1047","ctaA",0,2.87934007816584,0.1,"lnorm"
"1048","ctaE",0,4.33386571383388,0.1,"lnorm"
"1049","cysS",0,3.05436397568133,0.1,"lnorm"
"1050","dapB",0,3.87139504999595,0.1,"lnorm"
"1051","dapE",0,4.15615177772167,0.1,"lnorm"
"1052","dapF",0,2.66335008743276,0.1,"lnorm"
"1053","def",0,2.29702769701249,0.1,"lnorm"
"1054","dnaA",0,3.91461878240235,0.1,"lnorm"
"1055","dnaG",0,2.96669669208444,0.1,"lnorm"
"1056","dnaK",0,3.71041156608602,0.1,"lnorm"
"1057","dnaN",0,2.60901317603693,0.1,"lnorm"
"1058","dnaX",0,2.5874367708049,0.1,"lnorm"
"1059","dsbD",0,3.35472053333404,0.1,"lnorm"
"1060","dxs",0,6.72204282581527,0.1,"lnorm"
"1061","efp",0,4.23381617224791,0.1,"lnorm"
"1062","eno",0,3.00434595458784,0.1,"lnorm"
"1063","erpA",0,2.09620363376449,0.1,"lnorm"
"1064","fabI",0,4.69956091937756,0.1,"lnorm"
"1065","fmt",0,2.83473023251932,0.1,"lnorm"
"1066","folD",0,3.4729484680463,0.1,"lnorm"
"1067","ftsH",0,2.27780757604976,0.1,"lnorm"
"1068","ftsZ",0,1.80061574398756,0.1,"lnorm"
"1069","fumC",0,2.06159640892791,0.1,"lnorm"
"1070","gatB",0,2.14700230000065,0.1,"lnorm"
"1071","gcvT",0,3.31918328753255,0.1,"lnorm"
"1072","glmM",0,3.5123324609975,0.1,"lnorm"
"1073","glmU",0,2.70152314673378,0.1,"lnorm"
"1074","gloB",0,2.72239252701779,0.1,"lnorm"
"1075","gltB",0,2.06967377221429,0.1,"lnorm"
"1076","gltX",0,3.17625618932998,0.1,"lnorm"
"1077","gmk",0,3.04584370501445,0.1,"lnorm"
"1078","grpE",0,3.9674832453886,0.1,"lnorm"
"1079","guaA",0,3.53004670924241,0.1,"lnorm"
"1080","gyrA",0,2.69026637341148,0.1,"lnorm"
"1081","gyrB",0,4.14561508752278,0.1,"lnorm"
"1082","hemC",0,2.2544844981254,0.1,"lnorm"
"1083","hemE",0,2.11160813090414,0.1,"lnorm"
"1084","hemH",0,4.27746143085911,0.1,"lnorm"
"1085","hisF",0,7.4396726717893,0.1,"lnorm"
"1086","hisH",0,6.53776716167263,0.1,"lnorm"
"1087","icd",0,2.93295333180169,0.1,"lnorm"
"1088","ileS",0,2.92957022148675,0.1,"lnorm"
"1089","ilvC",0,3.2266410488875,0.1,"lnorm"
"1090","ilvE",0,1.6740212714822,0.1,"lnorm"
"1091","ilvH",0,2.69033682696617,0.1,"lnorm"
"1092","infB",0,2.05167926395685,0.1,"lnorm"
"1093","infC",0,3.43567302982095,0.1,"lnorm"
"1094","lepA",0,3.74070344170219,0.1,"lnorm"
"1095","leuA",0,2.65367970010201,0.1,"lnorm"
"1096","leuB",0,2.96457990337811,0.1,"lnorm"
"1097","leuS",0,4.61406661618301,0.1,"lnorm"
"1098","lgt",0.087,1.26411065014359,0.1,"lnorm"
"1099","ligA",0,2.6433961959427,0.1,"lnorm"
"1100","lipA",0,2.75262736197011,0.1,"lnorm"
"1101","lnt",0,2.21483304554503,0.1,"lnorm"
"1102","lptD",0,3.53052359399878,0.1,"lnorm"
"1103","lspA",0,3.16731981885958,0.1,"lnorm"
"1104","lysA",0,2.82257807943694,0.1,"lnorm"
"1105","lysS",0,2.19403752168484,0.1,"lnorm"
"1106","map",0,3.19510359749127,0.1,"lnorm"
"1107","metC",0,3.60514744220315,0.1,"lnorm"
"1108","metG",0,3.20918234018622,0.1,"lnorm"
"1109","metK",0,3.2003520855027,0.1,"lnorm"
"1110","miaA",0.002,1.72877558165662,0.1,"lnorm"
"1111","miaB",0,2.48593611205818,0.1,"lnorm"
"1112","mnmA",0,2.90189627816553,0.1,"lnorm"
"1113","mnmE",0,4.09186854127493,0.1,"lnorm"
"1114","mnmG",0,3.45564743175007,0.1,"lnorm"
"1115","mrdA",0,2.59823389406636,0.1,"lnorm"
"1116","mrdB",0,2.99730314365361,0.1,"lnorm"
"1117","mreB",0,3.65881263399403,0.1,"lnorm"
"1118","msrA",0,4.02492490907851,0.1,"lnorm"
"1119","msrB",0,3.18155444530729,0.1,"lnorm"
"1120","nadD",0,2.18607146037403,0.1,"lnorm"
"1121","nadE",0,5.19963093152234,0.1,"lnorm"
"1122","ndk",0,4.04109001612896,0.1,"lnorm"
"1123","nfuA",0,2.92900108028299,0.1,"lnorm"
"1124","nth",0,2.8570992560526,0.1,"lnorm"
"1125","nusA",0,2.5374723798745,0.1,"lnorm"
"1126","pdxH",0,4.24454547242654,0.1,"lnorm"
"1127","pepA",0,3.29965346227442,0.1,"lnorm"
"1128","petA",0,2.50563729762421,0.1,"lnorm"
"1129","pgk",0,2.90693445286422,0.1,"lnorm"
"1130","pgsA",0,2.00385554492325,0.1,"lnorm"
"1131","pheA",0,2.19287626880505,0.1,"lnorm"
"1132","pheS",0,2.48050625789625,0.1,"lnorm"
"1133","pheT",0,3.93965968544439,0.1,"lnorm"
"1134","phrA",0,3.17803832075468,0.1,"lnorm"
"1135","phrB",0,2.60216645389556,0.1,"lnorm"
"1136","pnp",0,3.16829106189784,0.1,"lnorm"
"1137","pntA",0,3.0350013984621,0.1,"lnorm"
"1138","pntB",0,4.46278092168281,0.1,"lnorm"
"1139","polA",0,3.15483323205129,0.1,"lnorm"
"1140","prfA",0.023,1.4049056088341,0.1,"lnorm"
"1141","prfB",0,2.59503081864122,0.1,"lnorm"
"1142","priA",0,3.24279149285868,0.1,"lnorm"
"1143","prmC",0,3.13689781754205,0.1,"lnorm"
"1144","proC",0,2.525345142584,0.1,"lnorm"
"1145","proS",0,2.15772991806924,0.1,"lnorm"
"1146","prs",0,2.83607861356772,0.1,"lnorm"
"1147","pth",0,2.27955701265315,0.1,"lnorm"
"1148","purA",0,3.58956083676255,0.1,"lnorm"
"1149","purB",0,3.20083545879967,0.1,"lnorm"
"1150","purC",0,2.00729692968076,0.1,"lnorm"
"1151","purD",0,3.42833280043602,0.1,"lnorm"
"1152","purE",0,2.67733701871416,0.1,"lnorm"
"1153","purF",0,3.94701174778598,0.1,"lnorm"
"1154","purH",0,2.86315950419269,0.1,"lnorm"
"1155","purL",0,2.35924655437604,0.1,"lnorm"
"1156","purM",0,2.51782360881258,0.1,"lnorm"
"1157","purN",0,5.14345781144523,0.1,"lnorm"
"1158","pyrB",0,2.68824403911105,0.1,"lnorm"
"1159","pyrC",0,3.06771753104836,0.1,"lnorm"
"1160","pyrD",0,1.88827917876989,0.1,"lnorm"
"1161","pyrE",0.034,1.37436647071052,0.1,"lnorm"
"1162","pyrF",0,4.6205111087714,0.1,"lnorm"
"1163","pyrG",0,2.64773721846757,0.1,"lnorm"
"1164","rbfA",0,4.74914626141261,0.1,"lnorm"
"1165","recA",0,3.50143428931623,0.1,"lnorm"
"1166","recR",0,3.01750831396948,0.1,"lnorm"
"1167","rho",0,3.81551829593374,0.1,"lnorm"
"1168","rluD",0,3.75297291658372,0.1,"lnorm"
"1169","rnhA",0,4.20341786148008,0.1,"lnorm"
"1170","rnhB",0,2.98163480984183,0.1,"lnorm"
"1171","rnpA",0,2.75503777121789,0.1,"lnorm"
"1172","rpe",0,3.6680601621718,0.1,"lnorm"
"1173","rplK",0,2.91937338593258,0.1,"lnorm"
"1174","rplM",0,2.15588452808716,0.1,"lnorm"
"1175","rplS",0,3.14062536673172,0.1,"lnorm"
"1176","rplT",0,4.03426610681681,0.1,"lnorm"
"1177","rplU",0,2.8587968485306,0.1,"lnorm"
"1178","rplY",0,2.08416543910787,0.1,"lnorm"
"1179","rpmA",0,3.29868257527617,0.1,"lnorm"
"1180","rpmB",0,3.67277525934019,0.1,"lnorm"
"1181","rpmI",0,4.87631908193339,0.1,"lnorm"
"1182","rpoA",0,3.3908867725412,0.1,"lnorm"
"1183","rpoB",0,2.19815806452987,0.1,"lnorm"
"1184","rpoC",0,2.19354329195844,0.1,"lnorm"
"1185","rpsA",0,3.29134888278974,0.1,"lnorm"
"1186","rpsD",0,2.53900685322603,0.1,"lnorm"
"1187","rpsI",0,1.97637750512676,0.1,"lnorm"
"1188","rpsK",0,3.71345251280439,0.1,"lnorm"
"1189","rpsM",0,2.59964005390278,0.1,"lnorm"
"1190","rpsO",0,3.6184182988579,0.1,"lnorm"
"1191","rpsT",0,3.87924211076111,0.1,"lnorm"
"1192","rsfS",0,3.25113540135249,0.1,"lnorm"
"1193","rsmA",0,3.84614848841169,0.1,"lnorm"
"1194","rsmD",0,3.86052637020805,0.1,"lnorm"
"1195","rsmE",0,3.10183026958008,0.1,"lnorm"
"1196","rsmG",0,3.87952593289738,0.1,"lnorm"
"1197","rsmI",0,3.56201397670745,0.1,"lnorm"
"1198","secA",0,2.20693154876014,0.1,"lnorm"
"1199","serS",0,2.38534483312956,0.1,"lnorm"
"1200","smc",0,3.36415030480945,0.1,"lnorm"
"1201","smpB",0,2.52072004908754,0.1,"lnorm"
"1202","ssb",0,2.41063476086716,0.1,"lnorm"
"1203","sucC",0,3.96153388652434,0.1,"lnorm"
"1204","sucD",0,4.14513160209197,0.1,"lnorm"
"1205","suhB",0,2.82503235933752,0.1,"lnorm"
"1206","tatC",0,2.34195973684035,0.1,"lnorm"
"1207","tgt",0,2.92393409137383,0.1,"lnorm"
"1208","thrC",0,3.55862613096222,0.1,"lnorm"
"1209","thrS",0,2.99170875073242,0.1,"lnorm"
"1210","topA",0,2.01999120504378,0.1,"lnorm"
"1211","trmD",0,2.96442840532803,0.1,"lnorm"
"1212","trpB",0,4.93264504276406,0.1,"lnorm"
"1213","trpS",0,1.95728026162121,0.1,"lnorm"
"1214","truA",0,3.54284584478096,0.1,"lnorm"
"1215","trxA",0.001,1.65819798228539,0.1,"lnorm"
"1216","trxB",0,3.3263662863381,0.1,"lnorm"
"1217","tsaD",0,2.16387736688996,0.1,"lnorm"
"1218","ubiB",0,2.32156758421563,0.1,"lnorm"
"1219","uppP",0,3.05940550128458,0.1,"lnorm"
"1220","uvrA",0,2.12605438439039,0.1,"lnorm"
"1221","uvrB",0,2.00351441918615,0.1,"lnorm"
"1222","uvrC",0,2.59295847400736,0.1,"lnorm"
"1223","ychF",0,2.19104423092499,0.1,"lnorm"
"1224","yidC",0,2.27305572376332,0.1,"lnorm"
